idFactura,idProducto,cantidad
1,52,5
2,41,2
2,39,3
2,15,2
3,45,1
3,87,4
3,84,1
3,61,7
3,63,1
3,80,7
4,83,7
4,67,9
4,47,8
5,9,5
5,52,9
5,78,9
6,74,7
7,73,7
7,58,4
8,16,10
8,39,6
8,84,8
8,85,4
8,45,7
8,95,9
8,94,8
9,18,1
9,66,4
9,67,10
10,20,6
10,53,7
10,1,10
10,2,3
10,80,3
11,34,5
11,71,7
11,74,1
12,96,3
12,8,8
12,77,3
12,53,7
13,18,4
13,76,4
14,63,5
15,73,4
15,26,1
15,39,7
15,65,8
15,21,7
15,41,7
15,43,10
15,24,6
16,70,1
16,16,4
16,67,5
16,76,8
16,1,4
16,44,6
16,64,8
16,75,4
17,95,6
17,83,9
18,23,5
18,37,10
18,31,2
18,41,5
18,28,5
18,11,8
18,9,4
19,9,9
19,80,8
19,45,7
19,44,10
19,100,3
20,30,5
20,55,6
20,34,1
21,20,8
21,79,5
21,2,7
21,63,8
22,8,5
22,63,6
22,80,7
23,17,3
23,33,7
23,10,6
23,97,9
23,36,4
23,74,5
23,3,2
24,42,1
24,40,9
24,2,1
24,58,7
24,54,8
24,14,5
24,38,3
24,50,8
25,92,10
25,28,5
25,18,6
25,46,1
25,33,6
26,27,2
26,99,7
26,28,4
26,36,3
26,92,3
27,59,10
27,46,3
27,41,10
27,95,2
27,93,1
27,47,8
27,19,3
28,81,2
28,88,1
28,24,5
28,23,2
29,36,9
29,65,5
29,87,2
29,44,1
29,80,1
29,5,7
30,91,4
30,34,10
30,82,8
30,13,5
30,55,9
30,51,4
30,31,1
30,38,7
31,24,1
31,50,10
31,67,7
31,55,7
31,90,2
32,18,1
32,55,3
32,95,4
33,20,9
33,29,8
34,91,1
34,75,10
35,3,10
36,37,5
36,33,1
36,11,7
36,85,7
36,30,4
36,45,8
36,18,8
36,23,4
37,27,6
38,16,4
39,87,10
39,14,8
40,41,9
40,32,7
40,6,7
40,56,8
40,89,4
41,83,3
41,45,8
41,48,5
41,8,8
41,27,7
41,29,5
41,35,10
41,73,10
41,28,1
42,64,3
42,28,7
42,20,9
42,83,1
43,16,4
43,79,1
44,89,9
44,58,3
44,59,10
44,48,1
44,31,6
45,72,6
45,61,9
45,94,3
45,10,2
45,82,3
45,100,7
46,34,8
46,3,4
46,10,9
46,61,8
46,29,6
46,83,2
46,80,8
46,36,3
46,46,9
46,90,2
47,34,7
48,67,9
48,56,1
48,17,7
48,81,7
49,79,9
49,65,1
49,36,6
49,11,9
49,38,2
49,61,2
49,24,1
49,6,1
49,31,10
50,37,1
50,48,3
50,8,1
50,24,3
50,41,1
50,77,4
51,21,6
51,59,6
51,2,7
51,26,1
51,76,1
51,100,1
51,29,2
51,41,9
52,66,5
52,76,7
52,2,7
52,24,2
53,41,1
53,75,4
53,73,2
53,27,6
53,20,6
53,92,8
53,69,6
54,22,4
54,26,6
55,6,10
55,94,8
55,53,5
55,42,3
55,33,3
55,82,8
55,97,4
56,5,1
56,63,5
56,91,1
56,84,4
56,39,10
56,70,1
56,88,2
56,37,9
56,53,8
56,92,3
57,74,7
57,64,5
58,51,10
58,79,9
58,85,4
58,86,2
58,62,3
59,19,5
59,46,4
59,69,8
59,35,9
59,42,2
59,48,5
60,61,10
60,2,3
60,66,2
60,93,6
60,89,2
60,63,6
60,50,1
61,69,4
61,13,8
61,27,4
61,89,8
61,61,4
61,81,3
61,90,8
62,8,10
62,37,10
62,23,4
62,85,4
62,18,4
62,38,5
63,10,2
64,30,4
65,30,9
65,24,3
65,44,6
65,55,4
65,2,4
65,87,7
65,37,3
65,57,2
66,12,1
66,48,6
66,36,1
66,19,7
67,56,7
67,81,4
67,43,4
67,69,5
68,94,10
68,37,2
68,49,8
68,1,3
68,44,8
69,59,8
69,14,4
69,56,3
69,35,1
69,36,5
69,12,5
70,23,2
70,87,3
70,30,1
70,28,6
70,41,2
71,50,3
71,66,5
72,72,5
72,46,7
72,73,10
72,8,2
72,81,10
72,63,10
72,54,4
72,65,2
72,22,5
72,9,8
73,47,4
73,32,6
73,31,2
73,93,10
73,70,4
74,22,4
74,39,8
74,60,2
74,48,9
74,19,10
74,81,6
74,10,3
75,2,7
75,26,7
75,36,4
75,81,8
75,62,9
75,95,6
75,11,2
75,38,6
75,23,1
75,74,2
76,50,2
77,17,4
77,48,7
77,2,2
77,20,1
77,40,2
78,36,9
78,75,2
78,15,4
78,20,10
78,53,3
78,29,8
78,64,7
78,67,7
79,40,1
79,18,1
79,85,4
79,35,1
79,67,6
79,32,2
79,22,8
79,64,1
79,71,8
79,27,9
80,26,6
80,95,3
80,39,9
80,22,10
80,41,8
80,78,8
80,92,4
80,52,7
80,87,4
81,56,5
82,86,7
83,67,6
83,28,9
83,44,6
83,60,6
84,76,7
85,70,8
86,36,2
86,6,3
86,3,5
86,25,2
87,56,10
87,76,4
87,78,6
87,43,7
87,73,9
87,34,8
87,54,5
87,19,4
87,14,3
88,48,7
89,7,2
89,2,3
90,53,1
90,65,2
91,18,5
91,98,5
91,90,9
91,8,3
91,24,3
91,30,6
91,6,7
91,27,4
91,42,6
92,84,1
93,56,10
93,9,1
93,16,5
93,40,10
93,50,10
93,23,1
94,64,8
94,68,10
94,16,9
94,92,2
94,52,7
94,32,8
94,95,6
94,63,7
94,71,10
95,75,9
95,35,5
96,46,3
97,9,1
97,50,5
97,94,6
97,81,1
97,6,2
97,69,6
98,30,3
98,12,5
98,92,10
98,33,7
99,25,7
100,25,9
100,6,7
100,57,5
100,36,5
101,45,9
101,71,7
101,85,8
102,80,6
102,63,4
102,77,2
102,97,2
102,47,7
102,32,7
102,66,2
102,72,6
103,81,8
103,19,9
103,63,3
103,85,8
104,17,5
104,95,8
104,66,5
104,49,5
104,70,6
104,63,2
104,84,2
105,17,1
106,2,3
106,95,7
106,17,6
106,51,2
106,70,2
106,75,9
106,48,2
106,94,3
106,4,4
106,53,10
107,77,4
107,7,7
107,56,3
107,86,3
107,49,6
107,85,9
107,65,3
107,30,6
107,61,5
108,28,10
109,58,10
109,19,3
109,53,8
109,100,8
109,34,5
109,38,3
109,69,1
109,5,6
110,89,3
110,10,6
111,58,8
111,49,2
111,71,7
111,45,3
112,92,1
112,47,6
112,39,2
112,68,2
112,79,7
113,98,6
113,77,5
114,53,4
115,51,1
115,80,4
115,27,4
116,98,10
116,78,4
116,64,6
116,77,3
116,6,8
116,95,7
116,41,3
117,50,4
117,39,6
117,27,6
117,15,8
117,26,5
117,2,2
117,52,2
117,20,4
118,34,7
118,12,5
119,69,4
119,25,8
119,23,5
119,37,5
119,42,7
119,38,4
119,1,4
119,67,5
119,86,2
119,87,5
120,26,9
121,4,10
121,6,6
121,14,1
121,76,9
122,40,3
122,61,8
122,52,9
122,82,7
122,49,7
122,75,7
122,24,1
122,74,8
123,12,9
123,91,5
123,55,8
123,2,4
123,79,5
123,15,8
123,64,5
123,17,9
123,27,1
124,11,9
124,67,1
124,43,9
125,100,2
125,72,7
125,95,8
125,24,10
125,52,6
125,63,1
125,41,6
125,62,2
125,48,6
126,42,2
126,58,4
126,6,4
126,21,1
126,71,5
126,53,5
126,15,6
126,31,6
126,3,8
127,67,4
127,25,6
127,47,5
127,31,6
127,70,5
127,75,5
127,17,3
127,32,9
128,49,9
128,9,10
128,42,8
128,28,8
128,100,3
129,68,6
130,92,9
130,70,2
130,25,2
130,59,2
130,30,8
130,16,1
131,69,7
131,42,3
131,33,9
131,25,5
131,85,8
131,32,9
131,88,8
131,66,5
131,5,6
131,36,5
132,15,9
132,89,8
132,70,3
132,39,3
133,94,1
133,3,8
133,79,6
133,89,4
133,90,5
133,67,1
133,35,7
133,92,5
133,66,5
133,23,3
134,44,5
135,44,3
136,69,5
136,57,10
136,51,9
137,13,7
137,97,1
137,8,1
137,36,3
137,100,8
137,46,9
137,82,7
138,65,9
138,90,9
138,93,10
138,73,10
138,19,5
138,12,6
138,100,3
139,50,5
139,57,9
140,41,8
141,63,10
141,40,8
141,55,5
141,90,6
142,85,7
142,37,9
142,46,8
143,78,6
143,2,2
143,36,1
143,97,3
143,41,6
143,48,8
143,82,5
143,51,4
143,95,1
143,53,4
144,39,1
145,83,4
145,86,5
145,19,7
145,28,4
145,46,6
145,44,3
146,9,3
146,8,9
146,75,4
147,61,2
147,81,8
147,79,9
147,84,1
147,69,9
147,6,9
147,77,9
147,54,6
147,20,2
147,34,3
148,17,4
149,42,7
149,18,6
149,8,8
149,9,8
149,51,4
150,80,8
150,95,3
150,97,8
150,99,9
150,39,9
150,93,2
150,43,2
150,4,1
150,49,8
150,45,10
151,35,7
151,67,7
151,39,10
151,32,6
151,38,6
151,56,2
151,73,6
152,34,8
152,23,3
152,79,6
152,94,10
152,75,5
153,58,3
153,55,5
154,16,7
154,11,4
154,86,6
154,9,5
154,4,6
154,41,3
154,95,3
154,97,7
155,49,2
155,51,6
155,22,9
155,61,5
155,23,7
155,86,8
155,19,8
155,48,5
156,56,10
156,68,7
156,16,8
156,6,9
157,62,4
157,82,3
157,80,10
157,88,9
157,96,3
157,59,5
158,69,8
158,60,9
158,17,5
158,65,10
158,62,3
158,7,4
158,27,1
158,92,1
159,97,9
159,75,5
160,12,7
160,43,4
160,87,7
160,82,8
160,48,7
161,73,3
161,80,8
161,58,1
162,77,6
162,49,9
162,40,8
162,75,3
162,60,9
163,53,2
163,33,8
163,65,4
163,41,2
163,42,2
163,61,10
163,8,6
163,71,6
163,34,7
163,6,3
164,15,7
165,40,7
166,60,2
166,32,7
166,76,8
166,97,10
166,14,6
166,23,9
166,98,1
166,80,4
166,35,3
166,13,8
167,92,10
167,98,5
167,69,3
168,47,5
168,6,10
168,89,10
168,46,2
169,64,1
169,39,4
169,21,8
169,11,1
169,92,3
169,71,3
169,61,9
170,98,5
171,60,2
171,79,5
171,21,10
171,89,8
171,71,3
171,67,3
171,1,3
171,51,1
171,55,5
172,49,7
172,11,1
172,93,4
172,53,1
172,92,4
172,45,8
172,46,4
173,39,1
173,82,7
173,44,7
173,12,2
173,93,8
173,97,8
173,86,8
173,63,2
173,59,3
174,16,6
174,37,9
174,78,2
174,13,9
175,37,2
176,93,7
176,95,8
176,34,6
176,64,5
176,43,7
177,82,8
177,98,10
177,22,10
177,19,9
177,85,1
177,77,1
178,80,8
178,49,1
178,42,5
178,56,10
178,34,5
178,16,1
178,14,7
178,66,1
178,62,1
178,60,4
179,48,2
179,34,4
179,61,10
179,86,10
179,85,3
179,29,10
179,4,9
179,18,3
180,89,3
180,71,6
180,49,3
180,42,2
180,56,7
180,7,1
180,59,2
181,5,4
181,18,1
181,89,9
181,91,9
181,72,5
181,78,6
181,36,4
181,79,4
181,51,10
181,94,5
182,68,2
182,13,8
182,76,2
182,46,7
182,93,3
183,30,9
183,39,9
183,37,1
183,47,10
184,93,8
184,53,8
184,87,8
184,81,10
184,39,4
185,18,9
185,88,2
186,15,6
186,28,3
186,76,7
186,27,8
186,37,6
186,98,4
186,43,1
186,32,3
186,10,5
186,54,6
187,78,4
187,79,6
187,23,7
187,66,2
187,61,1
187,49,1
187,36,9
188,9,8
188,76,5
189,90,4
189,73,10
189,36,10
189,25,6
189,40,9
189,12,10
189,51,10
190,42,1
190,48,10
190,9,5
190,79,10
190,7,4
191,9,6
191,83,5
191,39,9
191,52,1
191,49,9
191,28,10
191,72,3
191,73,1
192,21,4
193,60,8
193,85,7
193,88,8
193,62,10
193,8,1
193,2,2
193,32,6
193,16,3
194,84,1
194,3,6
194,92,5
194,4,3
194,100,2
194,58,6
194,95,8
194,17,1
195,71,9
195,1,3
196,56,6
196,3,6
196,31,8
196,51,9
196,89,3
196,5,2
196,43,10
196,74,8
197,53,1
197,95,3
197,80,3
197,99,1
197,72,1
197,88,1
197,31,8
197,83,8
197,12,2
197,89,5
198,10,10
198,64,9
198,92,10
198,50,3
198,68,2
198,26,7
198,87,5
198,32,3
198,12,10
198,43,9
199,99,4
199,45,10
200,32,2
200,45,7
200,80,8
200,63,1
201,84,5
201,91,7
202,35,5
203,54,5
203,25,3
203,100,2
204,66,8
205,16,7
205,33,9
205,47,5
205,35,6
206,77,9
206,56,5
206,62,7
206,76,8
206,48,1
206,43,1
206,82,6
206,91,10
207,87,8
207,1,9
207,84,7
207,46,4
207,2,5
208,86,4
208,10,8
208,85,1
208,53,6
208,33,5
208,55,10
208,23,10
208,62,7
209,11,9
209,47,9
209,17,3
209,94,9
209,83,2
209,74,3
209,58,4
209,84,3
209,5,6
209,10,4
210,16,2
210,60,2
210,71,5
210,55,10
210,56,6
210,57,8
210,43,1
210,42,3
211,86,8
211,64,1
212,35,8
212,78,7
213,30,10
213,28,2
214,9,4
214,13,10
214,67,2
214,54,5
214,88,10
214,68,4
214,53,10
214,36,7
214,11,7
215,64,2
215,86,5
215,29,6
215,6,2
215,25,10
216,98,9
216,52,4
216,38,4
216,4,6
216,61,1
216,6,9
217,77,4
217,51,7
217,48,10
217,44,6
217,81,8
217,7,5
217,33,7
217,82,4
217,46,4
217,97,6
218,42,8
218,37,6
218,19,9
218,78,8
218,59,10
219,43,10
219,30,5
219,16,4
219,79,5
220,11,8
220,12,7
220,72,2
220,55,2
220,46,6
220,91,2
220,78,3
221,22,7
222,90,6
222,56,5
223,3,6
223,69,7
223,15,8
223,28,5
224,92,6
224,66,1
224,70,3
224,18,4
224,84,10
225,68,1
225,26,7
225,44,5
225,77,4
225,67,1
226,68,10
226,3,8
226,91,3
226,14,2
227,34,2
227,78,6
227,48,2
227,44,1
227,3,1
227,50,6
227,71,7
228,23,6
228,2,4
228,65,9
229,21,2
230,90,3
230,3,7
230,67,4
230,51,3
231,99,8
231,66,4
232,84,9
232,75,9
232,42,10
233,1,2
233,83,10
233,24,8
233,2,1
233,76,4
233,84,7
234,60,9
234,21,5
234,12,2
234,55,8
235,59,10
235,93,10
236,92,7
236,53,4
236,28,7
236,41,1
237,93,5
237,33,4
237,72,5
237,25,8
237,61,1
238,85,6
238,29,9
238,51,6
238,56,3
238,57,4
238,68,1
238,20,3
238,48,10
238,39,2
239,80,7
239,81,9
239,15,2
239,25,5
239,18,8
240,3,3
240,64,5
240,29,5
240,100,9
240,37,10
241,39,1
241,42,8
241,1,3
241,12,6
241,9,8
241,52,3
242,53,10
242,11,2
243,27,9
243,45,6
243,79,4
243,60,8
243,19,3
243,59,1
243,61,9
243,53,10
243,44,5
244,4,5
244,8,1
245,19,2
245,75,3
245,79,9
245,59,2
246,90,6
246,83,10
246,30,7
246,81,2
246,50,9
247,76,5
247,100,9
248,37,8
248,65,5
248,33,3
248,77,5
248,5,9
248,3,2
248,45,7
249,98,1
249,61,4
249,46,8
249,68,5
250,9,3
250,74,4
250,95,9
250,96,9
251,70,6
251,53,4
251,92,9
251,17,4
251,50,3
252,98,7
252,43,9
252,39,8
252,40,9
253,33,4
253,56,2
253,62,2
253,60,10
253,28,10
253,22,6
254,42,1
254,10,1
254,30,2
254,13,7
254,5,9
254,20,1
254,45,4
254,86,4
254,94,6
255,22,3
255,87,10
255,9,10
255,96,3
255,32,5
255,100,3
255,79,4
255,31,5
256,26,6
256,27,6
256,66,7
256,24,3
256,54,2
257,88,6
257,73,7
257,59,1
257,85,2
257,46,2
257,29,1
257,41,8
257,45,1
257,95,2
258,100,8
258,53,2
258,25,1
258,16,1
259,81,4
259,99,7
259,76,1
259,54,1
259,87,2
259,92,8
259,2,4
259,79,6
259,29,1
259,23,1
260,24,7
260,93,1
260,82,4
260,53,4
260,7,1
260,36,6
260,35,4
260,67,8
260,55,2
260,12,6
261,14,10
261,67,7
261,41,7
261,27,5
262,37,9
262,36,2
262,95,7
262,94,3
262,14,6
262,22,9
262,86,2
263,25,7
263,30,3
263,42,5
263,62,6
263,56,1
263,21,10
263,85,4
263,73,8
264,66,10
265,22,9
265,43,2
265,3,4
265,7,7
265,61,5
265,44,5
265,25,9
265,65,1
266,28,1
266,22,5
266,59,4
266,31,8
267,27,7
267,94,9
267,82,8
267,57,6
267,44,10
267,17,4
267,95,7
268,18,5
268,41,7
269,96,2
269,12,9
269,32,4
269,35,7
269,81,7
269,41,3
270,73,7
270,14,3
270,72,4
270,58,9
270,45,10
271,7,8
271,12,10
271,51,10
271,70,3
271,71,10
271,34,4
271,18,8
271,5,5
271,19,7
272,30,9
272,84,8
272,91,10
272,70,5
272,93,4
272,44,6
272,68,1
272,64,4
273,32,2
273,73,10
273,49,8
273,1,8
273,27,5
273,95,3
274,76,5
274,39,9
274,47,2
274,9,10
274,11,2
274,87,5
275,66,8
275,47,1
276,67,9
276,49,7
276,52,4
276,50,1
276,25,2
276,30,7
276,22,6
276,54,8
277,48,2
277,17,3
277,71,9
278,41,3
278,15,5
278,11,1
278,66,3
278,30,2
278,65,5
278,53,6
278,98,8
278,91,3
278,25,6
279,92,1
279,36,8
279,2,5
279,27,2
279,19,9
279,51,4
279,53,9
279,22,4
279,48,6
279,28,1
280,27,3
280,49,4
280,29,6
280,14,7
280,44,4
280,26,10
281,34,2
281,70,4
281,82,2
281,74,4
281,69,7
281,27,7
281,66,10
281,73,2
281,24,7
281,76,5
282,35,4
282,87,9
282,93,6
282,48,1
282,4,8
282,67,9
282,58,6
282,13,4
282,22,2
282,85,5
283,37,4
283,46,4
283,76,8
283,58,9
283,4,10
284,13,5
284,26,7
285,47,3
285,52,10
285,61,10
285,53,1
285,10,6
285,38,1
285,21,9
285,17,3
286,30,1
286,85,10
286,88,8
287,82,9
287,93,1
287,19,2
287,65,3
288,72,9
288,84,1
288,56,10
288,15,5
288,40,2
288,12,4
288,60,9
288,43,1
289,14,3
289,82,9
289,31,4
290,94,8
290,24,8
290,12,4
290,47,7
290,64,5
290,5,6
291,90,7
291,9,9
291,6,2
291,4,4
292,34,7
292,64,4
292,55,6
292,84,9
292,73,1
292,100,2
292,43,10
292,19,5
292,13,1
293,53,7
293,70,5
293,95,5
293,88,1
293,5,9
293,100,8
293,19,9
293,38,9
293,41,3
294,42,2
294,45,5
294,29,2
294,48,9
294,88,4
294,69,6
294,77,2
295,47,1
295,25,2
295,10,4
295,4,1
295,76,6
295,99,1
295,73,9
295,1,7
295,78,10
296,35,7
296,4,1
296,6,2
296,32,2
296,14,9
296,44,6
296,87,5
297,1,3
297,36,1
297,49,7
298,53,4
298,17,7
298,10,1
298,7,10
298,52,1
298,54,3
298,13,5
298,1,4
298,5,4
299,3,9
299,10,10
299,66,1
299,25,10
299,50,2
299,20,1
300,49,10
300,99,8
300,50,2
300,20,10
301,86,4
301,9,1
301,40,4
301,95,9
301,76,6
301,2,5
301,60,5
301,51,4
301,83,6
302,56,6
302,65,8
302,11,7
302,82,8
302,36,9
302,29,6
302,85,4
302,1,9
302,96,1
303,28,6
303,98,9
303,63,3
303,6,3
303,8,1
303,82,10
304,92,6
304,44,6
304,39,2
304,70,2
304,53,10
304,65,10
304,21,6
305,32,6
305,95,10
305,16,6
305,7,4
306,93,2
307,93,5
307,76,6
307,44,1
307,99,4
307,4,3
307,5,6
307,96,4
307,57,6
307,49,7
308,80,5
308,7,8
308,32,6
308,54,10
308,96,10
308,8,9
308,93,6
309,36,2
309,83,9
309,77,7
309,19,1
309,73,4
309,12,2
310,65,5
310,40,7
311,8,8
312,16,4
312,12,10
312,42,6
312,26,1
312,4,7
312,34,1
313,30,9
313,16,3
313,13,3
313,15,4
313,9,10
313,12,6
314,68,2
314,99,10
314,35,5
315,35,4
315,3,9
315,93,10
315,4,4
316,54,4
317,17,5
317,12,5
317,2,2
317,73,9
317,91,9
317,75,5
317,34,8
317,87,8
317,94,7
317,50,7
318,40,9
318,53,2
318,54,3
318,19,4
318,24,8
318,38,4
318,96,5
319,97,6
319,36,3
319,77,5
319,50,5
319,61,7
319,3,6
320,39,6
320,30,5
320,85,6
320,13,10
320,32,9
320,99,1
320,63,10
321,49,7
321,2,8
321,29,1
322,11,1
322,4,5
322,92,2
322,97,6
322,38,8
322,26,5
322,20,7
322,72,9
323,19,2
323,71,9
323,40,10
323,76,1
323,32,6
323,74,8
323,59,4
324,27,6
324,75,4
325,86,8
325,14,1
325,6,4
326,21,4
326,42,3
326,30,8
326,28,5
326,53,5
326,81,3
326,93,4
326,76,5
327,56,10
327,88,10
327,48,9
328,68,8
328,29,9
328,88,7
329,7,4
329,38,5
330,30,7
330,100,7
330,54,7
330,4,5
331,99,5
331,77,8
331,56,4
331,100,9
331,9,6
332,58,3
333,98,5
333,34,9
333,68,2
333,2,8
333,49,6
333,5,1
334,85,4
335,17,5
335,43,2
335,29,4
335,34,9
335,96,4
335,77,7
335,5,2
336,100,9
336,2,6
336,69,2
336,81,9
336,36,7
336,51,4
336,40,2
336,96,8
337,79,7
337,22,3
338,26,6
338,90,2
338,2,10
338,12,3
338,30,1
338,93,3
338,42,5
339,70,2
339,100,1
339,15,5
339,30,6
339,43,6
339,56,10
340,28,3
340,72,5
340,8,9
341,81,3
341,60,10
341,17,9
341,44,6
341,78,5
341,3,4
341,11,4
342,91,6
342,3,4
342,20,8
343,92,2
344,48,1
344,72,9
344,76,7
344,17,10
344,2,3
344,91,2
344,10,5
344,95,4
344,9,4
345,93,1
345,89,1
345,85,7
345,50,9
345,36,9
345,28,10
345,61,2
345,87,2
345,49,2
345,94,7
346,74,4
346,17,5
346,5,5
347,20,1
347,6,1
347,47,6
347,84,3
347,28,4
348,38,1
348,59,3
348,85,1
349,54,2
349,56,3
349,37,9
349,27,2
350,1,4
350,35,3
350,9,1
350,93,5
350,11,7
350,61,9
350,23,8
350,72,1
350,13,9
351,69,5
351,88,5
351,86,2
351,77,8
351,76,7
351,78,4
351,55,4
351,24,6
351,12,8
351,42,9
352,9,9
352,89,7
352,83,10
352,68,9
352,41,1
352,65,9
353,4,7
353,76,3
353,62,6
353,67,6
353,42,2
353,69,7
353,91,1
354,85,8
354,65,5
354,64,5
354,33,2
355,30,2
356,81,6
356,60,3
357,52,7
357,77,4
357,11,5
357,66,7
357,65,5
357,26,6
358,92,5
358,96,1
359,88,4
359,54,8
359,20,8
359,50,1
359,49,6
359,85,9
360,64,3
360,38,2
360,74,6
361,25,7
361,64,6
361,88,7
361,37,2
361,98,1
361,19,2
361,28,10
361,99,9
361,7,4
362,42,1
362,59,4
362,58,3
362,53,4
362,79,4
362,98,5
362,18,9
363,35,9
363,36,8
363,3,9
363,75,3
363,43,7
363,82,4
363,73,8
364,31,3
364,26,8
364,94,6
364,73,2
364,69,4
364,100,4
365,54,2
365,56,9
365,83,2
365,17,8
366,23,3
366,11,8
367,65,5
367,8,2
367,41,7
367,62,8
367,94,4
367,79,9
367,97,3
368,24,5
368,63,9
368,76,9
368,16,2
368,95,6
368,59,6
368,21,10
368,69,7
368,52,8
369,48,1
369,65,1
369,60,9
369,13,8
369,38,10
370,4,1
370,35,5
370,55,6
370,14,8
370,12,10
370,64,10
370,30,2
370,18,4
370,91,10
370,58,1
371,31,6
372,31,6
372,44,4
372,38,10
372,67,9
373,33,6
374,9,2
374,15,9
374,3,10
375,33,5
375,4,1
375,35,10
375,83,8
375,92,8
375,81,2
375,63,7
376,74,2
376,66,5
376,22,7
377,17,6
377,21,5
377,34,2
377,18,7
377,47,2
377,60,3
377,69,5
377,9,3
377,70,5
378,97,10
378,35,10
378,92,8
378,54,2
378,74,5
378,3,9
378,4,1
378,65,2
378,80,3
379,63,10
379,90,8
379,95,7
379,11,4
379,53,6
380,27,10
380,88,3
381,15,10
381,20,7
382,52,9
383,21,2
383,56,1
383,84,6
383,68,4
383,54,7
383,93,9
383,13,10
383,94,4
384,14,9
384,97,10
385,51,9
386,67,5
386,22,10
386,84,2
386,11,5
386,36,8
386,78,4
386,87,9
386,91,9
386,60,6
386,55,2
387,33,6
387,63,7
388,81,8
388,26,8
388,16,3
388,38,9
388,64,4
388,40,5
388,80,5
388,21,6
389,7,3
389,58,5
389,17,2
389,71,3
390,76,8
390,24,7
390,17,9
390,81,3
390,36,10
390,10,5
391,68,1
391,15,9
391,16,10
391,44,10
391,17,2
391,96,1
391,62,3
391,8,2
392,47,2
392,52,8
392,17,6
392,58,1
392,3,6
392,12,7
392,79,7
393,4,6
393,13,7
393,17,3
394,74,10
394,80,10
394,51,9
394,25,3
394,30,2
394,76,9
395,80,3
396,60,4
396,72,10
397,84,4
398,72,8
398,50,9
399,84,4
399,50,10
399,54,2
399,19,6
399,26,5
400,41,8
400,72,3
400,93,6
400,74,10
400,61,1
400,38,10
400,45,9
400,83,4
400,69,3
400,97,1
401,48,8
401,10,1
401,31,9
401,71,10
401,21,3
401,24,6
401,49,5
401,63,8
401,54,9
402,41,6
403,18,6
403,65,7
404,16,6
404,84,5
404,67,10
404,23,3
404,70,9
404,40,6
404,4,4
404,62,7
405,82,6
406,13,5
406,80,4
406,84,6
406,95,10
406,62,5
406,94,6
406,63,7
406,68,2
406,50,10
407,86,5
407,27,8
407,2,9
407,72,4
407,66,3
407,93,10
407,77,9
407,83,8
407,16,7
408,100,8
409,85,1
409,86,3
409,12,10
410,83,3
411,10,6
411,34,5
411,30,10
411,55,4
411,50,6
411,99,3
411,64,4
412,65,10
413,9,5
413,37,2
413,85,8
413,67,9
413,16,1
413,88,1
413,4,10
413,76,4
413,53,8
413,35,10
414,29,4
414,6,2
414,73,3
414,12,8
414,26,2
414,85,1
414,68,4
414,31,5
414,22,6
415,99,10
415,88,9
415,64,7
415,36,10
415,25,3
416,63,2
416,4,6
416,3,5
416,85,2
416,70,1
416,33,1
416,87,1
416,69,5
416,23,6
416,39,5
417,2,7
417,81,5
417,94,3
417,21,5
417,66,8
418,51,10
419,32,10
419,18,7
419,6,1
419,90,7
419,5,5
419,87,9
419,10,4
419,97,1
419,51,9
419,76,7
420,52,1
420,51,2
420,92,6
420,28,5
420,94,1
420,90,4
420,54,5
420,36,8
420,98,5
420,7,7
421,84,3
421,16,5
421,63,9
421,97,7
421,58,4
421,94,10
422,62,4
422,17,9
422,58,5
423,27,10
423,63,4
423,11,9
423,67,8
424,60,6
424,73,4
424,64,6
424,48,3
425,69,1
426,59,8
426,84,2
426,29,7
426,76,3
426,53,10
426,57,7
426,71,1
427,31,10
427,32,6
427,12,6
427,45,5
427,62,3
427,90,1
427,77,7
427,6,3
427,53,6
428,39,2
428,75,10
428,19,1
428,45,1
428,3,7
428,94,7
428,7,10
428,69,3
429,32,8
429,48,2
430,40,3
430,6,10
430,100,2
430,18,4
431,71,10
431,18,1
431,11,7
432,5,5
433,49,8
433,27,10
433,92,4
433,81,9
434,2,3
434,76,8
434,53,1
434,70,8
434,90,9
435,1,3
435,20,8
435,15,10
435,89,3
435,42,8
435,85,3
436,10,9
436,37,9
436,82,9
436,74,5
437,78,9
437,26,5
437,90,3
437,72,7
437,69,1
437,64,7
437,65,9
437,74,3
437,35,9
438,55,2
438,51,8
438,79,8
439,58,8
439,71,5
440,61,2
440,38,10
440,80,2
440,85,10
440,47,3
440,27,6
440,54,5
441,66,10
441,18,7
442,37,7
442,57,7
443,13,1
443,60,2
443,66,8
443,86,3
443,95,8
443,31,1
443,6,6
443,30,10
444,63,1
445,17,10
445,76,4
445,98,5
446,96,5
447,24,6
447,23,4
447,70,3
447,7,3
447,56,5
447,68,4
447,90,10
447,6,9
447,78,6
448,39,4
448,89,4
449,15,3
449,12,9
449,100,1
450,62,7
450,85,8
450,63,7
450,8,2
450,23,3
450,95,8
450,89,7
450,99,5
450,47,6
450,83,7
451,81,10
451,52,3
451,21,8
451,60,2
451,100,6
451,50,7
451,73,9
451,25,2
452,98,2
452,66,3
452,92,9
452,29,10
453,96,10
453,57,5
453,66,6
453,12,2
453,3,4
453,56,1
454,61,9
454,93,4
454,7,10
454,52,5
454,26,6
454,53,2
454,45,6
455,13,4
455,24,3
455,8,7
455,33,6
455,68,6
455,36,10
455,78,2
455,74,3
455,58,1
456,30,4
456,71,6
456,45,3
457,63,8
457,30,10
458,86,8
459,10,1
459,77,2
459,40,10
460,37,9
461,43,9
461,6,2
461,49,9
461,80,3
461,13,8
461,60,2
461,33,5
461,27,5
461,93,5
461,19,10
462,91,1
463,49,10
464,60,7
464,6,3
464,94,3
465,3,9
466,41,10
466,6,4
466,5,7
466,30,9
466,55,1
467,50,3
467,67,7
467,98,8
467,14,1
467,90,5
467,38,7
467,27,10
467,91,4
467,2,7
467,21,10
468,86,4
468,80,1
469,68,5
469,70,1
469,64,6
469,38,8
470,94,5
470,85,6
471,26,3
471,93,10
472,64,9
472,38,4
473,7,1
473,42,7
473,97,10
474,83,7
474,33,10
474,99,2
474,46,8
474,36,3
475,27,10
475,9,7
475,98,4
475,13,8
475,94,6
476,50,7
476,57,9
476,95,5
476,54,10
476,33,10
476,80,4
476,39,8
476,94,3
477,10,4
477,23,4
477,54,9
477,46,5
477,97,4
477,33,6
478,63,7
478,62,10
479,66,9
479,59,8
479,35,6
479,15,7
480,69,8
480,40,7
480,45,5
480,54,10
480,48,10
480,51,4
480,78,10
480,1,1
480,77,10
480,27,10
481,89,7
481,80,8
481,68,9
482,16,10
483,41,2
483,55,1
483,72,10
483,38,1
483,78,3
483,71,10
483,52,8
483,51,10
483,18,10
484,82,1
484,44,9
484,65,1
484,98,7
485,24,5
485,42,4
485,77,7
485,46,4
485,99,9
486,43,10
486,30,7
486,52,2
486,77,5
487,24,5
487,31,3
487,89,4
487,6,2
487,67,8
487,80,10
487,69,9
487,18,1
487,35,9
487,28,3
488,90,9
488,85,3
488,26,9
488,18,5
488,43,2
488,20,6
488,78,7
488,84,3
488,47,3
488,72,1
489,87,6
489,57,5
489,35,10
489,12,1
489,95,5
489,69,5
489,46,9
490,76,4
490,42,7
490,81,2
490,88,9
490,1,9
490,82,5
491,21,10
491,56,5
491,10,9
491,36,6
491,16,3
491,49,3
491,29,8
491,43,9
492,42,3
492,97,4
492,50,7
492,89,8
492,19,3
492,38,3
492,86,8
492,84,2
492,39,4
492,67,4
493,10,8
493,45,6
493,18,6
493,33,7
493,86,1
493,73,7
493,4,5
493,37,2
493,100,7
494,6,5
494,46,7
494,96,8
494,68,7
494,64,2
495,74,4
495,80,5
495,13,1
495,71,9
496,96,5
496,17,3
496,70,9
496,37,2
496,35,2
497,88,2
497,40,3
497,3,2
497,50,8
497,32,3
498,53,2
498,41,9
498,90,4
498,77,4
498,43,10
498,36,2
499,10,2
499,50,10
499,47,7
500,20,10
500,74,2
501,14,10
501,85,9
502,27,5
502,53,3
502,86,2
502,17,4
502,20,5
502,72,8
502,97,9
502,6,8
502,12,4
503,44,1
504,23,2
504,13,7
504,68,3
504,39,6
504,78,4
504,17,6
504,30,6
504,51,2
504,79,4
504,6,4
505,72,2
505,70,8
505,42,6
505,89,7
505,81,10
505,74,6
505,34,4
505,56,6
505,51,2
505,35,2
506,35,6
507,24,9
507,21,10
507,40,7
508,49,4
508,51,3
509,78,6
509,88,3
509,65,2
509,76,3
509,89,8
509,72,9
509,82,7
509,93,1
510,63,6
510,66,6
510,1,8
510,38,4
510,9,8
511,6,9
